Admin 1,Admin 2,Admin 3,Country,CountryID
Pirojpur,Pirojpur,Barishal,Bangladesh,1
Mathbaria,Pirojpur,Barishal,Bangladesh,1
Swarupkathi,Pirojpur,Barishal,Bangladesh,1
Jhalokathi,Jhalokathi,Barishal,Bangladesh,1
Barguna,Barguna,Barishal,Bangladesh,1
Amtali,Barguna,Barishal,Bangladesh,1
Patuakhali,Patuakhali,Barishal,Bangladesh,1
Galachipa,Patuakhali,Barishal,Bangladesh,1
Kalapara,Patuakhali,Barishal,Bangladesh,1
Bhola,Bhola,Barishal,Bangladesh,1
Lalmohan,Bhola,Barishal,Bangladesh,1
Charfassion,Bhola,Barishal,Bangladesh,1
Burhanuddin,Bhola,Barishal,Bangladesh,1
Gouranadi,Barishal,Barishal,Bangladesh,1
Muladi,Barishal,Barishal,Bangladesh,1
Mehendiganj,Barishal,Barishal,Bangladesh,1
Bakerganj,Barishal,Barishal,Bangladesh,1
Banaripara,Barishal,Barishal,Bangladesh,1
Nalchhity,Jhalokathi,Barishal,Bangladesh,1
Patharghata,Barguna,Barishal,Bangladesh,1
Bauphal,Patuakhali,Barishal,Bangladesh,1
Daulatkhan,Bhola,Barishal,Bangladesh,1
Kuakata,Patuakhali,Barishal,Bangladesh,1
Betagi,Barguna,Barishal,Bangladesh,1
Uzirpur,Barishal,Barishal,Bangladesh,1
Bhandaria,Pirojpur,Barishal,Bangladesh,1
Patiya,Chattogram,Chattogram,Bangladesh,1
Bariarhat,Chattogram,Chattogram,Bangladesh,1
Sitakunda,Chattogram,Chattogram,Bangladesh,1
Satkania,Chattogram,Chattogram,Bangladesh,1
Bashkhali,Chattogram,Chattogram,Bangladesh,1
Cox's Bazar,Cox's Bazar,Chattogram,Bangladesh,1
Chakoria,Cox's Bazar,Chattogram,Bangladesh,1
Rangamati,Rangamati,Chattogram,Bangladesh,1
Bandarban,Bandarban,Chattogram,Bangladesh,1
Khagrachhari,Khagrchhari,Chattogram,Bangladesh,1
Chandanaish,Chattogram,Chattogram,Bangladesh,1
Raojan,Chattogram,Chattogram,Bangladesh,1
Mirsharai,Chattogram,Chattogram,Bangladesh,1
Rangunia,Chattogram,Chattogram,Bangladesh,1
Sandwip,Chattogram,Chattogram,Bangladesh,1
Teknaf,Cox's Bazar,Chattogram,Bangladesh,1
Moheskhali,Cox's Bazar,Chattogram,Bangladesh,1
Ramgarh,Khagrchhari,Chattogram,Bangladesh,1
Lama,Bandarban,Chattogram,Bangladesh,1
Fatikchhari,Chattogram,Chattogram,Bangladesh,1
Hathazari,Chattogram,Chattogram,Bangladesh,1
Boalkhali,Chattogram,Chattogram,Bangladesh,1
Nazirhat,Chattogram,Chattogram,Bangladesh,1
Matiranga,Khagrchhari,Chattogram,Bangladesh,1
Baghaichhari,Rangamati,Chattogram,Bangladesh,1
Laksham,Cumilla,Chattogram,Bangladesh,1
Chouddagram,Cumilla,Chattogram,Bangladesh,1
Chandpur,Chandpur,Chattogram,Bangladesh,1
Haziganj,Chandpur,Chattogram,Bangladesh,1
Shahrasti,Chandpur,Chattogram,Bangladesh,1
Kachua,Chandpur,Chattogram,Bangladesh,1
Noakhali,Noakhali,Chattogram,Bangladesh,1
Choumuhani,Noakhali,Chattogram,Bangladesh,1
Chatkhil,Noakhali,Chattogram,Bangladesh,1
Basurhat,Noakhali,Chattogram,Bangladesh,1
Sonaimuri,Noakhali,Chattogram,Bangladesh,1
Laxmipur,Laxmipur,Chattogram,Bangladesh,1
Ramganj,Laxmipur,Chattogram,Bangladesh,1
Raipur,Laxmipur,Chattogram,Bangladesh,1
Feni,Feni,Chattogram,Bangladesh,1
Daganbhuiyan,Feni,Chattogram,Bangladesh,1
Brahmanbaria,Brahmanbaria,Chattogram,Bangladesh,1
Nabinagar,Brahmanbaria,Chattogram,Bangladesh,1
Akhaura,Brahmanbaria,Chattogram,Bangladesh,1
Kasba,Brahmanbaria,Chattogram,Bangladesh,1
Kabirhat,Noakhali,Chattogram,Bangladesh,1
Senbag,Noakhali,Chattogram,Bangladesh,1
Chhagalnaiya,Feni,Chattogram,Bangladesh,1
Sonagazi,Feni,Chattogram,Bangladesh,1
Parshuram,Feni,Chattogram,Bangladesh,1
Daudkandi,Cumilla,Chattogram,Bangladesh,1
Chandina,Cumilla,Chattogram,Bangladesh,1
Debidwar,Cumilla,Chattogram,Bangladesh,1
Homna,Cumilla,Chattogram,Bangladesh,1
Barura,Cumilla,Chattogram,Bangladesh,1
Nangalkot,Cumilla,Chattogram,Bangladesh,1
Matlab,Chandpur,Chattogram,Bangladesh,1
Chengarchar,Chandpur,Chattogram,Bangladesh,1
Banchharampur,Brahmanbaria,Chattogram,Bangladesh,1
Ramgati,Laxmipur,Chattogram,Bangladesh,1
Faridganj,Chandpur,Chattogram,Bangladesh,1
Narayanpur,Chandpur,Chattogram,Bangladesh,1
Hatiya,Noakhali,Chattogram,Bangladesh,1
Dohazari,Chattogram,Chattogram,Bangladesh,1
Tarabo,Narayanganj,Dhaka,Bangladesh,1
Narsingdi,Narsingdi,Dhaka,Bangladesh,1
Madhabdi,Narsingdi,Dhaka,Bangladesh,1
Ghorashal,Narsingdi,Dhaka,Bangladesh,1
Savar,Dhaka,Dhaka,Bangladesh,1
Dohar,Dhaka,Dhaka,Bangladesh,1
Tangail,Tangail,Dhaka,Bangladesh,1
Kaliakoir,Gazipur,Dhaka,Bangladesh,1
Munshiganj,Munshiganj,Dhaka,Bangladesh,1
Mirkadim,Munshiganj,Dhaka,Bangladesh,1
Manikganj,Manikganj,Dhaka,Bangladesh,1
Gopalpur,Tangail,Dhaka,Bangladesh,1
Bhuapur,Tangail,Dhaka,Bangladesh,1
Ghatail,Tangail,Dhaka,Bangladesh,1
Madhupur,Tangail,Dhaka,Bangladesh,1
Mirzapur,Tangail,Dhaka,Bangladesh,1
Dhanbari,Tangail,Dhaka,Bangladesh,1
Kalihati,Tangail,Dhaka,Bangladesh,1
Sakhipur,Tangail,Dhaka,Bangladesh,1
Sonargaon,Narayanganj,Dhaka,Bangladesh,1
Dhamrai,Dhaka,Dhaka,Bangladesh,1
Sreepur,Gazipur,Dhaka,Bangladesh,1
Kaliganj,Gazipur,Dhaka,Bangladesh,1
Singair,Manikganj,Dhaka,Bangladesh,1
Elenga,Tangail,Dhaka,Bangladesh,1
Basail,Tangail,Dhaka,Bangladesh,1
Monohardi,Narsingdi,Dhaka,Bangladesh,1
Shibpur,Narsingdi,Dhaka,Bangladesh,1
Raipura,Narsingdi,Dhaka,Bangladesh,1
Kanchan,Narayanganj,Dhaka,Bangladesh,1
Araihazar,Narayanganj,Dhaka,Bangladesh,1
Gopaldi,Narayanganj,Dhaka,Bangladesh,1
Faridpur,Faridpur,Dhaka,Bangladesh,1
Bhanga,Faridpur,Dhaka,Bangladesh,1
Boalmari,Faridpur,Dhaka,Bangladesh,1
Rajbari,Rajbari,Dhaka,Bangladesh,1
Madaripur,Madaripur,Dhaka,Bangladesh,1
Shibchar,Madaripur,Dhaka,Bangladesh,1
Shariatpur,Shariatpur,Dhaka,Bangladesh,1
Gopalganj,Gopalganj,Dhaka,Bangladesh,1
Muksudpur,Gopalganj,Dhaka,Bangladesh,1
Tungipara,Gopalganj,Dhaka,Bangladesh,1
Damuddya,Shariatpur,Dhaka,Bangladesh,1
Naria,Shariatpur,Dhaka,Bangladesh,1
Pangsha,Rajbari,Dhaka,Bangladesh,1
Goalanda,Rajbari,Dhaka,Bangladesh,1
Kalkini,Madaripur,Dhaka,Bangladesh,1
Nagarkanda,Faridpur,Dhaka,Bangladesh,1
Madhukhali,Faridpur,Dhaka,Bangladesh,1
Rajoir,Madaripur,Dhaka,Bangladesh,1
Zanjira,Shariatpur,Dhaka,Bangladesh,1
Bhedarganj,Shariatpur,Dhaka,Bangladesh,1
Goshairhat,Shariatpur,Dhaka,Bangladesh,1
Kishoreganj,Kishoreganj,Dhaka,Bangladesh,1
Bhairab,Kishoreganj,Dhaka,Bangladesh,1
Bajitpur,Kishoreganj,Dhaka,Bangladesh,1
Karimganj,Kishoreganj,Dhaka,Bangladesh,1
Kuliarchar,Kishoreganj,Dhaka,Bangladesh,1
Pakundia,Kishoreganj,Dhaka,Bangladesh,1
Hossainpur,Kishoreganj,Dhaka,Bangladesh,1
Kotalipara,Gopalganj,Dhaka,Bangladesh,1
Alfadanga,Faridpur,Dhaka,Bangladesh,1
Katiadi,Kishoreganj,Dhaka,Bangladesh,1
Lohagara,Narail,Khulna,Bangladesh,1
Kalia,Narail,Khulna,Bangladesh,1
Magura,Magura,Khulna,Bangladesh,1
Narail,Narail,Khulna,Bangladesh,1
Jashore,Jashore,Khulna,Bangladesh,1
Noapara,Jashore,Khulna,Bangladesh,1
Keshabpur,Jashore,Khulna,Bangladesh,1
Benapole,Jashore,Khulna,Bangladesh,1
Jhenaidaha,Jhenaidah,Khulna,Bangladesh,1
Kotchandpur,Jhenaidah,Khulna,Bangladesh,1
Maheshpur,Jhenaidah,Khulna,Bangladesh,1
Kaliganj,Jhenaidah,Khulna,Bangladesh,1
Shailkupa,Jhenaidah,Khulna,Bangladesh,1
Chuadanga,Chuadanga,Khulna,Bangladesh,1
Alamdanga,Chuadanga,Khulna,Bangladesh,1
Satkhira,Satkhira,Khulna,Bangladesh,1
Kushtia,Kushtia,Khulna,Bangladesh,1
Kumarkhali,Kushtia,Khulna,Bangladesh,1
Bagerhat,Bagerhat,Khulna,Bangladesh,1
Mongla,Bagerhat,Khulna,Bangladesh,1
Meherpur,Meherpur,Khulna,Bangladesh,1
Paikgachha,Khulna,Khulna,Bangladesh,1
Chalna,Khulna,Khulna,Bangladesh,1
Jhikargacha,Jashore,Khulna,Bangladesh,1
Monirampur,Jashore,Khulna,Bangladesh,1
Chowgachha,Jashore,Khulna,Bangladesh,1
Bheramara,Kushtia,Khulna,Bangladesh,1
Mirpur,Kushtia,Khulna,Bangladesh,1
Gangni,Meherpur,Khulna,Bangladesh,1
Kalaroa,Satkhira,Khulna,Bangladesh,1
Jiban Nagar,Chuadanga,Khulna,Bangladesh,1
Darshana,Chuadanga,Khulna,Bangladesh,1
Morrelganj,Bagerhat,Khulna,Bangladesh,1
Khoksha,Kushtia,Khulna,Bangladesh,1
Bagher Para,Jashore,Khulna,Bangladesh,1
Harinakunda,Jhenaidah,Khulna,Bangladesh,1
Gafargaon,Mymensingh,Mymensingh,Bangladesh,1
Trishal,Mymensingh,Mymensingh,Bangladesh,1
Muktagacha,Mymensingh,Mymensingh,Bangladesh,1
Ishwarganj,Mymensingh,Mymensingh,Bangladesh,1
Bhaluka,Mymensingh,Mymensingh,Bangladesh,1
Gauripur,Mymensingh,Mymensingh,Bangladesh,1
Phulpur,Mymensingh,Mymensingh,Bangladesh,1
Jamalpur,Jamalpur,Mymensingh,Bangladesh,1
Sherpur,Sherpur,Mymensingh,Bangladesh,1
Netrokona,Netrokona,Mymensingh,Bangladesh,1
Sharishabari,Jamalpur,Mymensingh,Bangladesh,1
Islampur,Jamalpur,Mymensingh,Bangladesh,1
Melandaha,Jamalpur,Mymensingh,Bangladesh,1
Dewanganj,Jamalpur,Mymensingh,Bangladesh,1
Madarganj,Jamalpur,Mymensingh,Bangladesh,1
Fulbaria,Mymensingh,Mymensingh,Bangladesh,1
Mohanganj,Netrokona,Mymensingh,Bangladesh,1
Nalitabari,Sherpur,Mymensingh,Bangladesh,1
Durgapur,Netrokona,Mymensingh,Bangladesh,1
Kendua,Netrokona,Mymensingh,Bangladesh,1
Madan,Netrokona,Mymensingh,Bangladesh,1
Nakla,Sherpur,Mymensingh,Bangladesh,1
Sreebardi,Sherpur,Mymensingh,Bangladesh,1
Nandail,Mymensingh,Mymensingh,Bangladesh,1
Haluaghat,Mymensingh,Mymensingh,Bangladesh,1
Bakshiganj,Jamalpur,Mymensingh,Bangladesh,1
Hazrabari,Jamalpur,Mymensingh,Bangladesh,1
Bogura,Bogura,Rajshahi,Bangladesh,1
Sherpur,Bogura,Rajshahi,Bangladesh,1
Nandigram,Bogura,Rajshahi,Bangladesh,1
Pabna,Pabna,Rajshahi,Bangladesh,1
Ishwardi,Pabna,Rajshahi,Bangladesh,1
Bera,Pabna,Rajshahi,Bangladesh,1
Suzanagar,Pabna,Rajshahi,Bangladesh,1
Santhia,Pabna,Rajshahi,Bangladesh,1
Chapai Nawabganj,Chapai Nawabganj,Rajshahi,Bangladesh,1
Sirajganj,Sirajganj,Rajshahi,Bangladesh,1
Shahjadpur,Sirajganj,Rajshahi,Bangladesh,1
Ullapara,Sirajganj,Rajshahi,Bangladesh,1
Joypurhat,Joypurhat,Rajshahi,Bangladesh,1
Panchbibi,Joypurhat,Rajshahi,Bangladesh,1
Natore,Natore,Rajshahi,Bangladesh,1
Gurudaspur,Natore,Rajshahi,Bangladesh,1
Singra,Natore,Rajshahi,Bangladesh,1
Banpara,Natore,Rajshahi,Bangladesh,1
Naogaon,Naogaon,Rajshahi,Bangladesh,1
Godagari,Rajshahi,Rajshahi,Bangladesh,1
Taherpur,Rajshahi,Rajshahi,Bangladesh,1
Naohata,Rajshahi,Rajshahi,Bangladesh,1
Charghat,Rajshahi,Rajshahi,Bangladesh,1
Baraigram,Natore,Rajshahi,Bangladesh,1
Dhamoirhat,Naogaon,Rajshahi,Bangladesh,1
Nazipur,Naogaon,Rajshahi,Bangladesh,1
Dhupchanchia,Bogura,Rajshahi,Bangladesh,1
Dhunat,Bogura,Rajshahi,Bangladesh,1
Kalai,Joypurhat,Rajshahi,Bangladesh,1
Akkelpur,Joypurhat,Rajshahi,Bangladesh,1
Khetlal,Joypurhat,Rajshahi,Bangladesh,1
Mondumala,Rajshahi,Rajshahi,Bangladesh,1
Bagha,Rajshahi,Rajshahi,Bangladesh,1
Keshorehat,Rajshahi,Rajshahi,Bangladesh,1
Kakonhat,Rajshahi,Rajshahi,Bangladesh,1
Arani,Rajshahi,Rajshahi,Bangladesh,1
Chatmohar,Pabna,Rajshahi,Bangladesh,1
Bhangura,Pabna,Rajshahi,Bangladesh,1
Faridpur,Pabna,Rajshahi,Bangladesh,1
Belkuchi,Sirajganj,Rajshahi,Bangladesh,1
Santahar,Bogura,Rajshahi,Bangladesh,1
Gopalpur,Natore,Rajshahi,Bangladesh,1
Bagatipara,Natore,Rajshahi,Bangladesh,1
Naldanga,Natore,Rajshahi,Bangladesh,1
Atgharia,Pabna,Rajshahi,Bangladesh,1
Sariakandi,Bogura,Rajshahi,Bangladesh,1
Sonatola,Bogura,Rajshahi,Bangladesh,1
Shibganj,Bogura,Rajshahi,Bangladesh,1
Kahaloo,Bogura,Rajshahi,Bangladesh,1
Gabtali,Bogura,Rajshahi,Bangladesh,1
Talora,Bogura,Rajshahi,Bangladesh,1
Bhabaniganj,Rajshahi,Rajshahi,Bangladesh,1
Tanore,Rajshahi,Rajshahi,Bangladesh,1
Puthia,Rajshahi,Rajshahi,Bangladesh,1
Katakhali,Rajshahi,Rajshahi,Bangladesh,1
Durgapur,Rajshahi,Rajshahi,Bangladesh,1
Kazipur,Sirajganj,Rajshahi,Bangladesh,1
Raiganj,Sirajganj,Rajshahi,Bangladesh,1
Tarash,Sirajganj,Rajshahi,Bangladesh,1
Gaibandha,Gaibandha,Rangpur,Bangladesh,1
Gobindaganj,Gaibandha,Rangpur,Bangladesh,1
Dinajpur,Dinajpur,Rangpur,Bangladesh,1
Setabganj,Dinajpur,Rangpur,Bangladesh,1
Birampur,Dinajpur,Rangpur,Bangladesh,1
Parbatipur,Dinajpur,Rangpur,Bangladesh,1
Fulbari,Dinajpur,Rangpur,Bangladesh,1
Thakurgaon,Thakurgaon,Rangpur,Bangladesh,1
Nilphamari,Nilphamari,Rangpur,Bangladesh,1
Saidpur,Nilphamari,Rangpur,Bangladesh,1
Kurigram,Kurigram,Rangpur,Bangladesh,1
Nageswari,Kurigram,Rangpur,Bangladesh,1
Panchagarh,Panchagarh,Rangpur,Bangladesh,1
Lalmonirhat,Lalmonirhat,Rangpur,Bangladesh,1
Patgram,Lalmonirhat,Rangpur,Bangladesh,1
Birganj,Dinajpur,Rangpur,Bangladesh,1
Sundarganj,Gaibandha,Rangpur,Bangladesh,1
Ulipur,Kurigram,Rangpur,Bangladesh,1
Jaldhaka,Nilphamari,Rangpur,Bangladesh,1
Badarganj,Rangpur,Rangpur,Bangladesh,1
Pirganj,Thakurgaon,Rangpur,Bangladesh,1
Boda,Panchagarh,Rangpur,Bangladesh,1
Domar,Nilphamari,Rangpur,Bangladesh,1
Haragachh,Rangpur,Rangpur,Bangladesh,1
Pirganj,Rangpur,Rangpur,Bangladesh,1
Hakimpur,Dinajpur,Rangpur,Bangladesh,1
Ghoraghat,Dinajpur,Rangpur,Bangladesh,1
Biral,Dinajpur,Rangpur,Bangladesh,1
Palashbari,Gaibandha,Rangpur,Bangladesh,1
Ranisankail,Thakurgaon,Rangpur,Bangladesh,1
Debiganj,Panchagarh,Rangpur,Bangladesh,1
Habiganj,Habiganj,Sylhet,Bangladesh,1
Madhabpur,Habiganj,Sylhet,Bangladesh,1
Shayestaganj,Habiganj,Sylhet,Bangladesh,1
Nabiganj,Habiganj,Sylhet,Bangladesh,1
Chunarughat,Habiganj,Sylhet,Bangladesh,1
Moulvibazar,Moulvibazar,Sylhet,Bangladesh,1
Sreemongal,Moulvibazar,Sylhet,Bangladesh,1
Sunamganj,Sunamganj,Sylhet,Bangladesh,1
Chhatak,Sunamganj,Sylhet,Bangladesh,1
Golapganj,Sylhet,Sylhet,Bangladesh,1
Azmiriganj,Habiganj,Sylhet,Bangladesh,1
Zakiganj,Sylhet,Sylhet,Bangladesh,1
Kanaighat,Sylhet,Sylhet,Bangladesh,1
Kamalganj,Moulvibazar,Sylhet,Bangladesh,1
Jagannathpur,Sunamganj,Sylhet,Bangladesh,1
Derai,Sunamganj,Sylhet,Bangladesh,1
Kulaura,Moulvibazar,Sylhet,Bangladesh,1
Barlekha,Moulvibazar,Sylhet,Bangladesh,1
Beanibazar,Sylhet,Sylhet,Bangladesh,1
